{
  "departs" : [
    {
      "displayName": "Angers",
      "folderName": "Angers"
    },
    {
      "displayName": "Brest",
      "folderName": "Brest"
    },
    {
      "displayName": "Carhaix",
      "folderName": "Carhaix"
    },
    {
      "displayName": "Chateaubriant",
      "folderName": "Chateaubriant"
    },
    {
      "displayName": "Cholet",
      "folderName": "Cholet"
    },
    {
      "displayName": "Dinan",
      "folderName": "Dinan"
    },
    {
      "displayName": "Laval",
      "folderName": "Laval"
    },
    {
      "displayName": "Laval DAB",
      "folderName": "DAB_Laval"
    },
    {
      "displayName": "Le Mans DAB",
      "folderName": "DAB_Le_Mans"
    },
    {
      "displayName": "Lorient",
      "folderName": "Lorient"
    },
    {
      "displayName": "Morlaix",
      "folderName": "Morlaix"
    },
    {
      "displayName": "Nantes",
      "folderName": "Nantes"
    },
    {
      "displayName": "Nantes DAB",
      "folderName": "DAB_Nantes"
    },
    {
      "displayName": "Ploermel",
      "folderName": "Ploermel"
    },
    {
      "displayName": "Quimper",
      "folderName": "Quimper"
    },
    {
      "displayName": "Redon",
      "folderName": "Redon"
    },
    {
      "displayName": "Rennes",
      "folderName": "Rennes"
    },
    {
      "displayName": "Saint-Brieuc",
      "folderName": "ST_Brieuc"
    },
    {
      "displayName": "Saint-Brieuc DAB",
      "folderName": "DAB_ST_Brieuc"
    },
    {
      "displayName": "Saint-Nazaire",
      "folderName": "ST_Nazaire"
    },
    {
      "displayName": "Tours",
      "folderName": "Tours"
    },
    {
      "displayName": "Vannes",
      "folderName": "Vannes"
    },
    {
      "displayName": "Vendee",
      "folderName": "Vendee"
    }
  ],
  "retours" : [
    {
      "displayName": "Angers",
      "folderName": "Angers"
    },
    {
      "displayName": "Brest",
      "folderName": "Brest"
    },
    {
      "displayName": "Carhaix",
      "folderName": "Carhaix"
    },
    {
      "displayName": "Chateaubriant",
      "folderName": "Chateaubriant"
    },
    {
      "displayName": "Cholet",
      "folderName": "Cholet"
    },
    {
      "displayName": "Dinan",
      "folderName": "Dinan"
    },
    {
      "displayName": "La Roche sur Yon",
      "folderName": "LaRochesurYon"
    },
    {
      "displayName": "Laval",
      "folderName": "Laval"
    },
    {
      "displayName": "Les Sables d'Olonne",
      "folderName": "Les_Sables"
    },
    {
      "displayName": "Lorient",
      "folderName": "Lorient"
    },
    {
      "displayName": "Loudeac",
      "folderName": "Loudeac"
    },
    {
      "displayName": "Nantes",
      "folderName": "Nantes"
    },
    {
      "displayName": "Ploermel",
      "folderName": "Ploermel"
    },
    {
      "displayName": "Quimper",
      "folderName": "Quimper"
    },
    {
      "displayName": "Redon",
      "folderName": "Redon"
    },
    {
      "displayName": "Rennes",
      "folderName": "Rennes"
    },
    {
      "displayName": "Saint-Brieuc",
      "folderName": "ST_Brieuc"
    },
    {
      "displayName": "Saint-Gilles",
      "folderName": "St_Gilles"
    },
    {
      "displayName": "Saint-Nazaire",
      "folderName": "ST_Nazaire"
    },
    {
      "displayName": "Vannes",
      "folderName": "Vannes"
    }
  ]
}
